Category,Business Name,Website,Location,Email,Email Sent,Email Body
beauty_wellbeing,PHARX,pharx.de,30 N GOULD ST #2254 · 82801 SHERIDAN · United States,support@pharx.de,Yes,"Dear PHARX Team,

I hope this email finds you well. My name is Muhib Al Muntakim, and I'm reaching out from Ray Advertising Limited. We've helped numerous businesses in the beauty and wellbeing category thrive, and I believe our performance marketing solutions can do the same for PHARX.

Our expertise can enhance your online presence, drive more sales, and ultimately boost your growth. As a new client, we're offering you a special 10% discount on our services. This is a great opportunity to elevate your brand and reach new heights.

If you're interested in learning more, I'd be happy to schedule a call to discuss how we can support your business goals.

Best regards,
Muhib Al Muntakim
Ray Advertising Limited"
beauty_wellbeing,Lindywell,lindywell.com,United States,hello@lindywell.com,Yes,"Dear Lindywell Team,

I hope this email finds you well. As a specialist in the beauty and wellbeing category, Ray Advertising Limited is excited to introduce our performance marketing solutions to support your business growth in the United States.

With our expertise, you can expect to see significant improvements in your online presence and customer engagement. Our tailored approach will help you reach new heights and stay ahead of the competition.

As a new client, we're offering a special 10% discount on our services. This is a great opportunity to experience the benefits of our performance marketing solutions while saving on your initial investment.

If you're interested in learning more, I'd be happy to schedule a call to discuss how we can help Lindywell thrive.

Best regards,
Muhib Al Muntakim
Ray Advertising Limited"
beauty_wellbeing,Eco Sciences,ecosciences.com,3380 W Hacienda Ave. Ste 108 · 89118 Las Vegas · United States,info@ecosciences.com,Yes,"Dear Eco Sciences Team,

I hope this email finds you well. As a representative of Ray Advertising Limited, I'm excited to introduce our performance marketing solutions tailored to support businesses in the beauty and wellbeing category. With our expertise, we can help boost your online presence and drive growth for Eco Sciences.

Our team has extensive experience in delivering results-driven campaigns that can elevate your brand and increase conversions. As a new client, we're offering a special 10% discount on our services to help you get started.

If you're interested in learning more about how we can support your business at 3380 W Hacienda Ave, Ste 108, Las Vegas, I'd be happy to schedule a call.

Best regards,
Muhib Al Muntakim
Ray Advertising Limited"
beauty_wellbeing,Sedona Soul Adventures,sedonasouladventures.com,"30 Kayenta Ct., Suite 4 · 86336 Sedona · United States",info@SedonaSoulAdventures.com,Yes,"Dear Sedona Soul Adventures Team,

I hope this email finds you well. As a representative of Ray Advertising Limited, I'm excited to introduce our performance marketing solutions tailored to the beauty and wellbeing industry. With our expertise, we can help boost your growth and reach new heights.

Our team has extensive experience in supporting businesses like yours, and we're confident that our services can make a significant impact. To welcome you to our network, we're offering a special 10% discount on our services for new clients.

If you're interested in learning more about how we can help Sedona Soul Adventures thrive, I'd be delighted to schedule a call.

Best regards,
Muhib Al Muntakim
Ray Advertising Limited"
beauty_wellbeing,Oshala Farm,oshalafarm.com,14900 OR-238 · 97527 Grants Pass · United States,N/A,No,
beauty_wellbeing,Ivím Health,ivimhealth.com,4200 Regent St Suite 200 · 43219 Columbus · United States,support@ivimhealth.com,Yes,"Dear Ivím Health Team,

I hope this email finds you well. As a representative of Ray Advertising Limited, I'm excited to introduce our performance marketing solutions tailored to the beauty and wellbeing category. With our expertise, we can help Ivím Health boost growth and reach new heights.

Our team has extensive experience in supporting businesses like yours, and we're confident that our services can make a significant impact. To welcome you to our network, we're offering a special 10% discount on our services for new clients.

If you're interested in learning more about how we can help Ivím Health thrive, I'd be happy to schedule a call to discuss further.

Best regards,
Muhib Al Muntakim
Ray Advertising Limited"
beauty_wellbeing,Better Way Health,betterwayhealth.com,1000 Cobb Place Boulevard Suite 407 · 30144 Kennesaw · United States,support@betterwayhealth.com,Yes,"Dear Better Way Health Team,

I hope this email finds you well. As a representative of Ray Advertising Limited, I'm excited to introduce our performance marketing solutions tailored to support businesses in the beauty and wellbeing category. With our expertise, we can help boost your growth and reach new heights.

At Ray Advertising, we understand the unique challenges and opportunities in the health and wellness industry. Our team is dedicated to providing personalized support to help you achieve your goals. By partnering with us, you can expect data-driven strategies, enhanced brand visibility, and increased customer engagement.

As a special offer, we're providing a 10% discount on our services for new clients. This is a great opportunity to experience the benefits of our performance marketing solutions while saving on your initial investment.

If you're interested in learning more about how we can support Better Way Health, I'd be happy to schedule a call to discuss further.

Best regards,
Muhib Al Muntakim
Ray Advertising Limited"
beauty_wellbeing,YogaRenew,yogarenewteachertraining.com,12 Hudson Pl · 07030 Hoboken · United States,contact@yogarenewteachertraining.com,Yes,"Dear YogaRenew Team,

I hope this email finds you well. As a representative of Ray Advertising Limited, I'm excited to introduce our performance marketing solutions tailored to support businesses in the beauty and wellbeing category. With our expertise, we can help YogaRenew boost its online presence, drive more bookings, and ultimately, accelerate growth.

Our team has extensive experience in delivering results-driven campaigns that cater to the unique needs of wellness businesses like yours. By partnering with us, you'll gain access to data-driven strategies, expert guidance, and ongoing support to ensure your marketing efforts yield the best possible results.

As a special offer, we're providing a 10% discount on our services for new clients. This is a great opportunity to experience the benefits of our performance marketing solutions while saving on your initial investment.

If you're interested in learning more about how we can help YogaRenew thrive, I'd be happy to schedule a call to discuss further.

Best regards,
Muhib Al Muntakim
Ray Advertising Limited"
beauty_wellbeing,Soap Korner,soapkorner.com,1530 S. Nevada Ave · 80905 Colorado Springs · United States,Customerservice@soapkorner.com,No,
beauty_wellbeing,All Pool Filters 4 Less,allpoolfilters4less.com,202 Princeton Drive · 33460 Lake Worth · United States,support@allpoolfilters4less.com,No,
beauty_wellbeing,Infinite Massage,infinitemassage.com,18062 FM 529 Suite 205 · 77433 Cypress · United States,info@infinitemassage.com,No,
beauty_wellbeing,Venba Fragrance,www.venbafragrance.com,"50 Graham Place, Unit C · 06489 Southington · United States",support@venbafragrance.com,No,
beauty_wellbeing,Harmony,palmettoharmony.com,8856 Pee Dee Highway · 29527 Conway · United States,janel@palmettoharmony.com,No,
beauty_wellbeing,Springtime Supplements,www.springtimeinc.com,P.O. Box 1227 · 21030 Cockeysville · United States,feedback@springtime.com,No,
beauty_wellbeing,Compassionate Clinics of America,mycompassionateclinic.com,2101 Waukegan Road · 60015 Bannockburn · United States,info@mycompassionateclinic.com,No,
beauty_wellbeing,Bluegrass Hemp Oil,bluegrasshempoil.com,190 Lexington Green Circle · 40503 Lexington · United States,info@bluegrasshempoil.com,No,
beauty_wellbeing,Ayla,aylabeauty.com,Bush Street 1825 · 94109 San Francisco · United States,help@aylabeauty.com,No,
beauty_wellbeing,Man Flow Yoga,manflowyoga.com,United States,N/A,No,
beauty_wellbeing,Cannabidiol Life,cbdoilsandedibles.com,583 E State Rd 434 · 32750 Longwood · United States,info@cannabidiollife.com,No,
beauty_wellbeing,Associated Skin Care Professionals,ascpskincare.com,"25188 Genesee Trail Rd, Suite 200 · 80401 Golden · United States",getconnected@ascpskincare.com,No,
beauty_wellbeing,xeteor.com,xeteor.com,10161 Park Run Drive Suite 150 · 89145 Las Vegas · United States,cs@xeteor.com,No,
beauty_wellbeing,Yogi Flight School,yogiflightschool.com,United States,support@yogiflightschool.com,No,
beauty_wellbeing,Caliber,caliberstrong.com,505 W 37th St Apt 23E · 10018 New York · United States,info@caliberstrong.com,No,
beauty_wellbeing,Procell Therapies,procelltherapies.com,United States,info@procelltherapies.com,No,
beauty_wellbeing,Marek Health,marekhealth.com,"35 W Huron St, Suite #1000 · 48342 Pontiac · United States",info@marekhealth.com,No,
beauty_wellbeing,Spellbound Wigs LLC,spellboundwigs.com,"12000 Constitution Ave NE, Suite G · 87112 Albuquerque · United States",help@spellboundwigs.com,No,
beauty_wellbeing,Essential Candy,essentialcandy.com,"5823 Calhoun Memorial Hwy, Ste 2B · 29640 Easley · United States",dean@essentialcandy.com,No,
beauty_wellbeing,Wytchwood,wytchwood.com,PO Box 281 · 05672 Stowe · United States,hello@wytchwood.com,No,
beauty_wellbeing,simplebodyproducts.com,simplebodyproducts.com,"2520 WEST COLORADO AVE COLORADO SPRINGS, CO 80904 · 80904 Colorado Springs · United States",info@simplebodyproducts.com,No,
beauty_wellbeing,Grope Skincare,gropeskincare.com,194 Red Marshall Rd · 27311 Pelham · United States,gropeskincare@gmail.com,No,
beauty_wellbeing,CosmicNootropic,cosmicnootropic.com,United States,support@cosmicnootropic.com,No,
beauty_wellbeing,potency710.com,potency710.com,United States,potency710@gmail.com,No,
beauty_wellbeing,Lin Health,lin.health,"3513 Brighton Blvd., Suite 457 · 80216 Denver · United States",customerservice@lin.health,No,
beauty_wellbeing,Massage Chair Heaven,massagechairheaven.com,15412 NW 77TH CT · 33016 Miami Lakes · United States,info@massagechairheaven.com,No,
beauty_wellbeing,SHOWW Rx,showw.com,8605 Santa Monica Blvd · Unit 88998 West Hollywood · United States,support@showw.com,No,
beauty_wellbeing,Shopwithhustle,shopwithhustle.com,United States,hustle@shopwithhustle.com,No,
beauty_wellbeing,'Stache Salt,stachesalt.com,104 East 600 South #860 · 84032 Heber City · United States,michelle@stachesalt.com,No,
beauty_wellbeing,KoKo Shiseido Beauté,kokobeaute.com,2396 Crenshaw Boulevard Ste F · 90501 Torrance · United States,koko@kokobeaute.com,No,
beauty_wellbeing,Parallel Health,parallelhealth.io,584 Castro Street · 94114 San Francisco · United States,hello@parallelhealth.io,No,
beauty_wellbeing,Simple Leaf,simpleleaf.com,N16 W23233 Stone Ridge Dr · 53188 Waukesha · United States,hello@simpleleaf.com,No,
beauty_wellbeing,Shapefy,shapefy.com,United States,N/A,No,
beauty_wellbeing,Labyrinth Walking,labyrinthwalking.net,1212 N Kings Hwy · 29577 Myrtle Beach · United States,info@labyrinthwalking.net,No,
beauty_wellbeing,Nutritional Resources,nutritionalresources.com,220 Parker St · 46580 Warsaw · United States,office@nutritionalresources.com,No,
beauty_wellbeing,Littlestuff4u Minerals,www.littlestuff4u.com,OLD LAKE RD. · 18612 DALLAS · United States,sandrah@littlestuff4u.com,No,
beauty_wellbeing,Twisted Spoke CBD,twistedspokecbd.com,720 W Monument St · 80904 Colorado Springs · United States,info@twistedspokecbd.com,No,
beauty_wellbeing,Mountain Rose Herbs,www.mountainroseherbs.com,Eugene · United States,pr@mountainroseherbs.com,No,
beauty_wellbeing,Dermwarehouse,dermwarehouse.com,"1010 Taylor Station Rd., Suite D · 43230 Gahanna · United States",stefanie@dermwarehouse.com,No,
beauty_wellbeing,Transcendental Meditation,tm.org,Fairfield · United States,N/A,No,
beauty_wellbeing,Vettsy,vettsy.com,United States,service@vettsy.com,No,
beauty_wellbeing,Center for Vein Restoration,www.centerforvein.com,United States,N/A,No,
beauty_wellbeing,ABMP - Associated Bodywork & Massage Professionals,www.abmp.com,25188 Genesee Trail Road · 80401 Golden · United States,expectmore@abmp.com,No,
beauty_wellbeing,Ephedra Warehouse,ephedrawarehouse.com,2817 West End Ave Suite 202 · 37203 Nashville · United States,service@ephedrawarehouse.com,No,
beauty_wellbeing,Olfactoryfactoryllc,www.olfactoryfactoryllc.com,United States,help@olfactoryfactoryllc.com,No,
beauty_wellbeing,SkinnyRx,skinnyrx.com,United States,support@skinnyrx.com,No,
beauty_wellbeing,OmegaQuant,omegaquant.com,"5009 W. 12th St., Suite 8 · 57016 Sioux Falls · United States",info@omegaquant.com,No,
beauty_wellbeing,Gotucream,gotucream.com,United States,N/A,No,
beauty_wellbeing,Vermont Pure CBD,vermontpurecbd.com,237 Main St · 05491 Vergennes · United States,info@vermontpurecbd.com,No,
beauty_wellbeing,Hairqare,hairqare.co,United States,N/A,No,
beauty_wellbeing,Thrivelab,thrivelab.com,2719 S. El Camino Real · 92672 San Clemente · United States,support@thrivelab.com,No,
beauty_wellbeing,Fifty410,fifty410.com,1630 W Prosper Trail #620 · 75078 Prospeer · United States,help@fifty410.com,No,
beauty_wellbeing,Decant House,decanthouse.com,United States,hello@decanthouse.com,No,
beauty_wellbeing,New England Hemp Farm,newenglandhempfarm.com,13 Fort Hil Rd · 06340 Groton · United States,support@newenglandhempfarm.com,No,
beauty_wellbeing,Rejuva Fresh,rejuvafresh.com,551 Red Bridge Road · 04605 Ellsworth · United States,Info@rejuvafresh.com,No,
beauty_wellbeing,Dolomiti BioHemp,dolomitibiohemp.com,Strada ai bersagli 1 · 38037 Predazzo · United States,Info@dolomitibiohemp.com,No,
beauty_wellbeing,Mindful Leader,mindfulleader.org,United States,info@mindfulleader.org,No,
beauty_wellbeing,Ensar Oud,www.ensaroud.com,United States,info@ensaroud.com,No,
beauty_wellbeing,VARNAIL,varnail.com,United States,sales@varnail.com,No,
beauty_wellbeing,Y'OUR,y-ourskin.com,Fillmore Street 2443 · 94115 San Francisco · United States,N/A,No,
beauty_wellbeing,The Mindful Habit,themindfulhabit.com,United States,support@themindfulhabit.com,No,
beauty_wellbeing,Health Ranger Store,healthrangerstore.com,Central Ave 3820 · 82001 Cheyenne · United States,csr@healthrangerstore.com,No,
beauty_wellbeing,CaliBlendz,californiablendz.com,Venice · United States,hello@californiablendz.com,No,
beauty_wellbeing,Monacowatch,monacowatch.com,"36, Boulevard des Moulins · 98000 Monaco · United States",info@monacowatch.com,No,
beauty_wellbeing,Seven Points CBD,sevenpointscbd.com,"3195n RedHill Ave., Loft F · 92626 COSTA MESA · United States",mike@sevenpointscbd.com,No,
beauty_wellbeing,Best Hair System,besthairsystem.com,9830 6th St #102 · 91730 Rancho Cucamonga · United States,info@besthairsystem.com,No,
beauty_wellbeing,Peakscents.com,peakscents.com,United States,N/A,No,
beauty_wellbeing,CrowdHealth,joincrowdhealth.com,3267 Bee Caves Road Ste 107-250 · 78746 Austin · United States,hey@joincrowdhealth.com,No,
beauty_wellbeing,Everybody by Dutton Farm,everybodyinc.com,64 N Saginaw · 48342 Pontiac · United States,christian@everybodyinc.com,No,
beauty_wellbeing,Sleepy Bear,sleepybeargummies.com,92102 San Diego · United States,info@sleepybeargummies.com,No,
beauty_wellbeing,NativeMed,nativemed.net,United States,partners@nativemed.net,No,
beauty_wellbeing,Botanicam,botanicam.com,90046 Los Angeles · United States,info@botanicam.com,No,
beauty_wellbeing,Stacy Lash LLC,stacylash.com,"4900 CALIFORNIA AVENUE, TOWER B, 2ND FLOOR · 93309 Bakersfield · United States",support@stacylash.com,No,
beauty_wellbeing,CBD of Lawrence,cbdoflawrence.com,"4821 West 6th Street, Ste F · 66049 Lawrence · United States",cbdoflawrence@gmail.com,No,
beauty_wellbeing,Anemoia & Co.,shopanemoia.com,410 Blanding Boulevard Suite 13 · 32073-5065 Orange Park · United States,hello@shopanemoia.com,No,
beauty_wellbeing,The Good Stuff Botanicals,thegoodstuffbotanicals.com,801 Grand Drive · 59911 Bigfork · United States,wecare@thegoodstuffbotanicals.com,No,
beauty_wellbeing,CheapLubes.com,cheaplubes.com,1778 Laporte Street · 46368 Portage · United States,Sales@cheaplubes.com,No,
beauty_wellbeing,Relief Buddies,thereliefbuddies.com,United States,N/A,No,
beauty_wellbeing,USA Fillers,usafillers.com,1201 US Hwy 1 Suite 300 · 33408 North Palm Beach · United States,support@usafillers.com,No,
beauty_wellbeing,First Choice Buying,firstchoicebuying.com,United States,info@firstchoicebuying.com,No,
beauty_wellbeing,Enthuziastic,enthu.com,16192 Coastal Hwy · 19958 Lewes · United States,support@enthu.com,No,
beauty_wellbeing,The Curly Canvas,thecurlycanvas.com,642 Park Ave. · 01603 Worcester · United States,Lidia@thecurlycanvas.com,No,
beauty_wellbeing,Bells of Bliss,bellsofbliss.com,3900 Greystone avenue · 10463 The Bronx · United States,guy.@bellsofbliss.com,No,
beauty_wellbeing,Onyx Fragrance,sprayonyx.com,2411 Crockett St · 79109-2128 AMARILLO · United States,info@sprayonyx.com,No,
beauty_wellbeing,Chaos Fragrances,chaosfragrances.com,United States,N/A,No,
beauty_wellbeing,Tattapic,tattapic.com,Los Angeles · United States,contact@tattapic.com,No,
beauty_wellbeing,Liquid Caffeine,liquidcaffeine.com,179 Sliger Rd · 92359 Mentone · United States,info@liquidcaffeine.com,No,
beauty_wellbeing,A.LEAF Products,aleafproducts.com,318 Ave I · 90277 Redondo Beach · United States,hello@aleafproducts.com,No,
beauty_wellbeing,Salty Mermaid Beauty Lounge,saltymermaidbeautylounge.com,1621 Tongass Ave Suite 101-A · 99901 Ketchikan · United States,Roni@saltymermaidbeautylounge.com,No,
beauty_wellbeing,Fond & Faye,www.fondandfaye.com,21 Park Ave · 07070 Rutherford · United States,Info@fondandfaye.com,No,
beauty_wellbeing,Atlantis Nutrition,atlantisnutrition.com,4470 W Sunset Blvd · 90027 Los Angeles · United States,support@atlantisnutrition.com,No,
beauty_wellbeing,"simple in nature, LLC",simpleinnature.com,E9138 Peaceful Valley Road · 54619 Cashton · United States,Hello@simpleinnature.com,No,
food_beverages_tobacco,Epic Cellars,epiccellars.com,"414 Baxter Ave, Suite 100A · 40204 Louisville · United States",info@EpicCellars.com,Yes,"Dear Epic Cellars Team,

I hope this email finds you well. As a representative of Ray Advertising Limited, I'm excited to introduce our performance marketing solutions tailored to support businesses in the food, beverages, and tobacco category. With our expertise, we can help Epic Cellars boost growth and reach new heights.

Our team has extensive experience in driving sales, increasing brand awareness, and optimizing marketing strategies for businesses like yours. By partnering with us, you'll gain access to cutting-edge solutions that will take your marketing efforts to the next level.

As a special offer, we're providing a 10% discount on our services for new clients. This is a great opportunity to experience the benefits of our performance marketing solutions while saving on your initial investment.

If you're interested in learning more, I'd be happy to schedule a call to discuss how we can support Epic Cellars' growth.

Best regards,
Muhib Al Muntakim
Ray Advertising Limited"
food_beverages_tobacco,Oshala Farm,oshalafarm.com,14900 OR-238 · 97527 Grants Pass · United States,N/A,No,
food_beverages_tobacco,zChocolat,www.zchocolat.com,ZA Les Chalus · 04300 Forcalquier · United States,feedback@zchocolat.com,Yes,"Dear zChocolat Team,

I hope this email finds you well. As a representative of Ray Advertising Limited, I'm excited to introduce our performance marketing solutions, tailored to support businesses in the food, beverages, and tobacco category. With our expertise, we can help zChocolat boost online visibility, drive sales, and expand its customer base.

Our team has a proven track record of delivering results-driven campaigns that cater to the unique needs of businesses like yours. To welcome you to our network, we're offering a special 10% discount on our services for new clients.

I'd love to discuss how our solutions can help zChocolat thrive in the competitive market. Please don't hesitate to reach out to explore this opportunity further.

Best regards,
Muhib Al Muntakim
Ray Advertising Limited"
food_beverages_tobacco,Better Way Health,betterwayhealth.com,1000 Cobb Place Boulevard Suite 407 · 30144 Kennesaw · United States,support@betterwayhealth.com,Yes,"Dear Better Way Health Team,

I hope this email finds you well. As a representative of Ray Advertising Limited, I'm excited to introduce our performance marketing solutions tailored to support businesses like yours in the food_beverages_tobacco category. With our expertise, you can boost your online presence, drive sales, and accelerate growth.

Our team has extensive experience in delivering results-driven campaigns that cater to the unique needs of businesses in your industry. By partnering with us, you'll gain access to data-driven strategies, expert guidance, and cutting-edge technology to stay ahead of the competition.

As a special offer, we're providing a 10% discount on our services for new clients. This is a great opportunity to experience the benefits of our performance marketing solutions while saving on your initial investment.

If you're interested in learning more, I'd be happy to schedule a call to discuss how we can support your business goals.

Best regards,
Muhib Al Muntakim
Ray Advertising Limited"
food_beverages_tobacco,Wild Alaskan Company,wildalaskancompany.com,818 Smoky Bay Way #137 · 99603 Homer · United States,sockeye@wildalaskancompany.com,Yes,"Dear Wild Alaskan Company Team,

I hope this email finds you well. As a representative of Ray Advertising Limited, I'm excited to introduce our performance marketing solutions tailored to support businesses in the food and beverages industry. With extensive experience in this category, we can help Wild Alaskan Company boost growth and reach new heights.

Our data-driven approach and expertise can enhance your online presence, drive sales, and increase brand awareness. As a new client, we're offering a special 10% discount on our services to help you get started.

If you're interested in learning more, I'd be happy to schedule a call to discuss how our solutions can benefit your business.

Best regards,
Muhib Al Muntakim
Ray Advertising Limited"
food_beverages_tobacco,Organic Life Start,organiclifestart.com,United States,care@organiclifestart.com,Yes,"Dear Organic Life Start Team,

I hope this email finds you well. As a representative of Ray Advertising Limited, I'm excited to introduce our performance marketing solutions tailored to support businesses in the food, beverages, and tobacco category. With our expertise, we can help Organic Life Start boost growth and reach new heights.

Our team has extensive experience in driving sales, increasing brand awareness, and optimizing marketing campaigns for businesses like yours. By partnering with us, you'll gain access to data-driven strategies and innovative solutions that cater to your unique needs.

As a special offer, we're providing a 10% discount on our services for new clients. This is a great opportunity to elevate your marketing efforts and see tangible results.

I'd love to discuss how Ray Advertising can support Organic Life Start's success. Please don't hesitate to reach out to explore this further.

Best regards,
Muhib Al Muntakim
Ray Advertising Limited"
food_beverages_tobacco,Kushfly Marijuana Delivery,kushfly.com,90068 Los Angeles · United States,Support@kushfly.com,Yes,"Dear Kushfly Team,

I hope this email finds you well. As a representative of Ray Advertising Limited, I'm excited to introduce our performance marketing solutions tailored to support businesses in the food_beverages_tobacco category, including marijuana delivery services like yours.

Our expertise can help boost Kushfly's online presence, drive sales, and increase customer engagement. We'd like to offer a special 10% discount on our services for new clients, exclusive to Kushfly Marijuana Delivery.

If you're interested in learning more about how we can help grow your business, I'd be happy to schedule a call.

Best regards,
Muhib Al Muntakim
Ray Advertising Limited"
food_beverages_tobacco,Sohnrey Family Foods,www.sohnreyfamilyfoods.com,41 Skillin Lane · 95965 Oroville · United States,info@sohnreyfamilyfoods.com,Yes,"Dear Sohnrey Family Foods Team,

I hope this email finds you well. As a representative of Ray Advertising Limited, I'm excited to introduce our performance marketing solutions tailored to support businesses in the food, beverages, and tobacco category. With our expertise, we can help Sohnrey Family Foods boost online visibility, drive sales, and expand your customer base.

To welcome you to our network, we're offering a special 10% discount on our services for new clients. Our team is dedicated to delivering results-driven campaigns that cater to your unique needs and goals.

If you're interested in learning more about how we can support your growth, I'd be happy to schedule a call to discuss further.

Best regards,
Muhib Al Muntakim
Ray Advertising Limited"
food_beverages_tobacco,Berry Hill Irrigation,berryhilldrip.com,3744 U.S. 58 · 24529-3220 Buffalo Junction · United States,sales@berryhilldrip.com,No,
food_beverages_tobacco,Kaffn8,kaffn8.com,"8080 Spanish Fort Blvd, Suite B · 36527 Spanish Fort · United States",customerservice@kaffn8.com,No,
food_beverages_tobacco,Bluegrass Hemp Oil,bluegrasshempoil.com,190 Lexington Green Circle · 40503 Lexington · United States,info@bluegrasshempoil.com,No,
food_beverages_tobacco,Stoney Creek Wine Press,stoneycreekwinepress.com,726 Cherry St. · 98295 Sumas · United States,info@stoneycreekwinepress.com,No,
food_beverages_tobacco,Cannabidiol Life,cbdoilsandedibles.com,583 E State Rd 434 · 32750 Longwood · United States,info@cannabidiollife.com,No,
food_beverages_tobacco,Whidbey Island Seafood Company,whidbeyseafoods.com,98260 Langley · United States,sales@whidbeyseafoods.com,No,
food_beverages_tobacco,Carolina Coops,carolinacoops.com,2144 E Lyon Station Rd · 27522 Creedmoor · United States,sales@carolinacoops.com,No,
food_beverages_tobacco,Oktober Can Seamers,oktoberdesign.com,5 Colfax St. NE · 49505 Grand Rapids · United States,info@oktoberdesign.com,No,
food_beverages_tobacco,Cater Nation,caternation.com,"14241 Midlothan Tpke Ste 247 · 23113 Midlothian, VA · United States",info@caternation.com,No,
food_beverages_tobacco,"Nuwati Herbals, Inc.",nuwatiherbals.com,United States,info@nuwatiherbals.com,No,
food_beverages_tobacco,Essential Candy,essentialcandy.com,"5823 Calhoun Memorial Hwy, Ste 2B · 29640 Easley · United States",dean@essentialcandy.com,No,
food_beverages_tobacco,Bud Love,budlove.com,"4660 La Jolla Village Drive, Suite 100 · 92122 San Diego · United States",customerservice@budlove.com,No,
food_beverages_tobacco,Wytchwood,wytchwood.com,PO Box 281 · 05672 Stowe · United States,hello@wytchwood.com,No,
food_beverages_tobacco,The French Farm,thefrenchfarm.com,916 W 23rd St B · 77008 Houston · United States,cs@frenchfarm.com,No,
food_beverages_tobacco,ProteinSnackShop,proteinsnackshop.com,United States,sonny@proteinsnackshop.com,No,
food_beverages_tobacco,califino.com,califino.com,3238 Grey Hawk Court · 92010 Carlsbad · United States,customerservice@califino.com,No,
food_beverages_tobacco,Better Than Nine,betterthannine.com,11770 Haynes Bridge Road · 30009 Alpharetta · United States,info@betterthannine.com,No,
food_beverages_tobacco,flaskfinewines.com,flaskfinewines.com,United States,N/A,No,
food_beverages_tobacco,Awesome Hibachi | At Home Hibachi Party,awesomehibachi.com,United States,Awesomehibachiofficial@gmail.com,No,
food_beverages_tobacco,The Brew Bag,brewinabag.com,300 Tiffany Dr. · 29625 Anderson · United States,staff@brewinabag.com,No,
food_beverages_tobacco,Simple Leaf,simpleleaf.com,N16 W23233 Stone Ridge Dr · 53188 Waukesha · United States,hello@simpleleaf.com,No,
food_beverages_tobacco,Weed Love DC,weedlovedc.com,20001 washington · United States,weedlovedmv@gmail.com,No,
food_beverages_tobacco,Z Natural Foods,znaturalfoods.com,5407 N Haverhill Rd Unit 336 · 33407 West Palm Beach · United States,Orders@ZNaturalFoods.com,No,
food_beverages_tobacco,Vaneli's Handcrafted Coffee,vanelis.com,4125 Delmar Ave Suite 2 · 95677-4040 Rocklin · United States,customerservice@vanelis.com,No,
food_beverages_tobacco,Inspired Indian Co.,inspiredindiancooking.com,914 Noyes Street · 60201 Evanston · United States,support@inspiredindiancooking.com,No,
food_beverages_tobacco,"RL Food Testing Laboratory, Inc.",rlfoodtestinglaboratory.com,United States,support@rllabs.com,No,
food_beverages_tobacco,Littlestuff4u Minerals,www.littlestuff4u.com,OLD LAKE RD. · 18612 DALLAS · United States,sandrah@littlestuff4u.com,No,
food_beverages_tobacco,Butter & Batter Cookie Bar,butterandbatterlc.com,94551 Livermore · United States,Butterandbatterlc@gmail.com,No,
food_beverages_tobacco,Barrel Global,barrelglobal.com,800 4th Ave · 50112 Grinnell · United States,info@barrelglobal.com,No,
food_beverages_tobacco,Twisted Spoke CBD,twistedspokecbd.com,720 W Monument St · 80904 Colorado Springs · United States,info@twistedspokecbd.com,No,
food_beverages_tobacco,Good Ranchers,goodranchers.com,United States,help@goodranchers.com,No,
food_beverages_tobacco,Mountain Rose Herbs,www.mountainroseherbs.com,Eugene · United States,pr@mountainroseherbs.com,No,
food_beverages_tobacco,US Wellness Meats,grasslandbeef.com,316th Avenue 18685 · 63435 Canton · United States,eathealthy@grasslandbeef.com,No,
food_beverages_tobacco,Volcanica Coffee Company,volcanicacoffee.com,"4110 Tench Road, Suite H · 30024 Suwanee · United States",sales@volcanicacoffee.com,No,
food_beverages_tobacco,Certified Piedmontese,piedmontese.com,4841 North 84th Street · 68507 Lincoln · United States,customerservice@piedmontese.com,No,
food_beverages_tobacco,Wulf's Fish,wulfsfish.com,2 Boston Fish Pier · 02210 Boston · United States,CustomerCare@wulfsfish.com,No,
food_beverages_tobacco,"txFoodHandlers (eFoodHandlers, Inc.)",txfoodhandlers.com,16101 SW 72nd Ave Suite 100 · 97224 Portland · United States,reviews@efoodhandlers.com,No,
food_beverages_tobacco,Seedtime,seedtime.us,United States,N/A,No,
food_beverages_tobacco,Albanese Confectionery,albanesecandy.com,5441 E. Lincoln Highway · 46410 Merrillville · United States,retails@albaneseconfectionery.com,No,
food_beverages_tobacco,Farmer Bob's Parts & Supplies LLC,farmerbobsparts.com,2095 Exeter Road · 38138 Germantown · United States,Sales@farmerbobsparts.com,No,
food_beverages_tobacco,Vermont Pure CBD,vermontpurecbd.com,237 Main St · 05491 Vergennes · United States,info@vermontpurecbd.com,No,
food_beverages_tobacco,Wine Spies,winespies.com,1327 Clegg Street · 94954 Petaluma · United States,support@winespies.com,No,
food_beverages_tobacco,Mosaic Foods,mosaicfoods.com,81 Prospect St. · 11201 Brooklyn · United States,support@mosaicfoods.com,No,
food_beverages_tobacco,Dolomiti BioHemp,dolomitibiohemp.com,Strada ai bersagli 1 · 38037 Predazzo · United States,Info@dolomitibiohemp.com,No,
food_beverages_tobacco,Roost & Root,roostandroot.com,301 S. Canyonwood Drive · 78620 Dripping Springs · United States,info@roostandroot.com,No,
food_beverages_tobacco,Hawaiian Queen Coffee,hawaiianqueencoffee.com,73-5577 Olowalu Street · 96740 Kailua-Kona · United States,aguillen@hawaiianqueencoffee.com,No,
food_beverages_tobacco,La Vinothèque,lavinotheque.com,202 Main Street · 06032 Farmington · United States,N/A,No,
food_beverages_tobacco,ChocoPerfection,chocoperfection.com,"N. Government Way, Idaho · 83815 Coeur d'Alene · United States",support@chocoperfection.com,No,
food_beverages_tobacco,Top Shelf Cookies,topshelfcookies.com,Quincy Street 196 · 02125 Boston · United States,N/A,No,
food_beverages_tobacco,El Cerrito Liquor,elcerritoliquor.com,"4298, 19480 E Ontario Ave STE C · 9288 Corona · United States",info@elcerritoliquor.com,No,
food_beverages_tobacco,CaliBlendz,californiablendz.com,Venice · United States,hello@californiablendz.com,No,
food_beverages_tobacco,buckwildbison.com,buckwildbison.com,United States,N/A,No,
food_beverages_tobacco,Seven Points CBD,sevenpointscbd.com,"3195n RedHill Ave., Loft F · 92626 COSTA MESA · United States",mike@sevenpointscbd.com,No,
food_beverages_tobacco,Prima Vini Wine Merchants,primavini.com,1520 N. Main Street · 94596 Walnut Creek · United States,info@primavini.com,No,
food_beverages_tobacco,Botanicam,botanicam.com,90046 Los Angeles · United States,info@botanicam.com,No,
food_beverages_tobacco,The Good Stuff Botanicals,thegoodstuffbotanicals.com,801 Grand Drive · 59911 Bigfork · United States,wecare@thegoodstuffbotanicals.com,No,
food_beverages_tobacco,Pastry Depot,pastrydepot.com,1430 Chattahoochee Avenue Northwest · 30318 Atlanta · United States,info@pastrydepot.com,No,
food_beverages_tobacco,Juicefly Wine & Spirits | Vape Delivery,juicefly.com,10725 Jefferson Blvd · 90230 Culver City · United States,support@juicefly.com,No,
food_beverages_tobacco,Premier Champagne,premierchampagne.com,"94541 Hayward, CA · United States",sales@premierchampagne.com,No,
food_beverages_tobacco,Relief Buddies,thereliefbuddies.com,United States,N/A,No,
food_beverages_tobacco,Royal Honey Shop • Royal Honey VIP (Honey Pack),royalhoneyshop.us,1309 Coffeen Avenue STE 1200 · 82801 Sheridan · United States,info@royalhoneyshop.us,No,
food_beverages_tobacco,Beck & Bulow,beckandbulow.com,1934 Cerrillos Rd · 87505 Santa Fe · United States,support@beckandbulow.com,No,
food_beverages_tobacco,Nexus Smoke,nexussmoke.com,South Carolina · United States,support@nexussmoke.com,No,
food_beverages_tobacco,Sir Jason Winters Site,sirjasonwinters.com,United States,info@sirjasonwinters.com,No,
food_beverages_tobacco,Olive Oil Divine,oliveoildivine.com,2517 N ROAN ST · 37601-1755 JOHNSON CITY · United States,greg@oliveoildivine.com,No,
food_beverages_tobacco,The Christmas Loft,christmasloft.com,544 NH 16 · 03838 Intervale · United States,info@christmasloft.om,No,
food_beverages_tobacco,Merlin's Munchies Coffee Company,merlinsmunchiescoffee.com,1070 Montgomery Rd Unit #438 · 32714 AltamonteSprings · United States,support@merlinsmunchiescoffee.com,No,
food_beverages_tobacco,Krogman Homegrown Meats,krogmanhomegrownmeats.com,4784 W Valley Rd · 61078 Shannon · United States,krogmanhomegrownmeats@gmail.com,No,
food_beverages_tobacco,Hectare's,hectares.com,"819 E Market St, Ste 101 · 40206 Louisville · United States",info@hectares.com,No,
food_beverages_tobacco,Greenxpress,greenxpress.la,5616 Lexington Ave · 90038 Los Angeles · United States,infogoods@protonmail.com,No,
food_beverages_tobacco,Turcamart,turcamart.com,United States,info@turcamart.com,No,
food_beverages_tobacco,secretgardendistillery.co.uk,secretgardendistillery.co.uk,32A OLD PENTLAND ROAD · EH10 7EA Edinburgh · United States,info@secretgardendistillery.co.uk,No,
food_beverages_tobacco,BBQRubs.com,bbqrubs.com,1712 Pioneer Ave. STE 1532 · 82001 Cheyenne · United States,orders@bbqrubs.com,No,
food_beverages_tobacco,Club420,club420.com,420 F Street · 95616 Davis · United States,info@club420.com,No,
food_beverages_tobacco,worldofhoney.com,worldofhoney.com,206 Pecan St · 31791 Sylvester · United States,support@worldofhoney.com,No,
food_beverages_tobacco,Spacebank LLC (SPLC),spacebank.us,862 SW 6TH ST · Miami · United States,info@spacebank.us,No,
food_beverages_tobacco,Midnight Teas(e),midnighttease.com,123 Tea Avenue · 01970 Salem · United States,midnightteasesalem@gmail.com,No,
food_beverages_tobacco,Cacao Rituals,cacao-rituals.ch,United States,N/A,No,
food_beverages_tobacco,Honest Sea Moss,honestseamoss.com,"5830 E 2nd St, Ste 7000 #8192 · 82609 Casper · United States",contact@honestseamoss.com,No,
food_beverages_tobacco,Tobacco General,tobaccogeneral.com,"821 N St, Ste 102 · 99501 Anchorage · United States",sales@tobaccogeneral.com,No,
food_beverages_tobacco,Burgers' Smokehouse,smokehouse.com,32819 Hwy 87 · 65018 California · United States,service@smokehouse.com,No,
food_beverages_tobacco,11thStreetCoffee.com,11thstreetcoffee.com,East 11th Street 1001 · 64106 Kansas City · United States,N/A,No,
food_beverages_tobacco,DynaVap,dynavap.com,"7208 Gene Street , Suite 101 · 53532 Deforest · United States",questions@dynavap.com,No,
food_beverages_tobacco,LIFEAID Beverage Co.,www.lifeaidbevco.com,2833 Mission Street · 95060 Santa Cruz · United States,support@lifeaidbevco.com,No,
food_beverages_tobacco,Grandmas Bake Shoppe,beatricebakery.com,400 Bell St · 68310-3840 Beatrice · United States,debc@beatricebakery.com,No,
food_beverages_tobacco,Cheapfood,cheapfood.co.uk,United States,N/A,No,
food_beverages_tobacco,JB Prince Company,www.jbprince.com,36 East 31st Street - 6th Fl. · 10016 New York · United States,customerservice@jbprince.com,No,
food_beverages_tobacco,Edwards Virginia Smokehouse,edwardsvaham.com,32819 Hwy 87 · 65018 California · United States,support@edwardsvaham.com,No,
food_beverages_tobacco,Big D Vapor,www.bigdvapor.net,1608 Whitlock Lane · 75006 Carrollton · United States,sales@bigdvapor.net,No,
food_beverages_tobacco,Linz Heritage Angus,linzheritageangus.com,414 STATE ST · 60409 CALUMET CITY · United States,Support@meatsbylinz.com,No,
food_beverages_tobacco,greenteaHAWAII,greenteahawaii.com,"98-138 Hila Place Unit 1037 · 96782 Pearl City, HI · United States",infuse@greenteahawaii.com,No,
food_beverages_tobacco,North American Herb & Spice,www.northamericanherbandspice.com,13900 West Polo Trail Drive · 60045 Lake Forest · United States,support@p-73.com,No,
electronics_technology,Flashbay,www.flashbay.com,"Flashbay Inc. 569 Clyde Avenue, Unit 500, Mountain View, CA 94043 · United States",contact@flashbay.us,Yes,"Dear Flashbay Team,

I hope this email finds you well. As a specialist in performance marketing solutions for the electronics and technology sector, I'm excited to introduce you to Ray Advertising Limited. With our expertise, we can help boost your brand's online presence and drive sales.

Our tailored solutions are designed to meet the unique needs of businesses like yours, and we're confident that our services can support your growth objectives. As a new client, we're offering a special 10% discount on our services to help you get started.

If you're interested in learning more about how we can help Flashbay thrive, I'd be delighted to schedule a call to discuss further.

Best regards,
Muhib Al Muntakim
Ray Advertising Limited"
electronics_technology,SellLocked.com,selllocked.com,United States,support@selllocked.com,Yes,"Dear SellLocked.com Team,

I hope this email finds you well. As a representative of Ray Advertising Limited, I'm excited to introduce our performance marketing solutions tailored to the electronics and technology sector. With our expertise, you can boost your online presence, drive sales, and accelerate growth.

Our team has extensive experience in supporting businesses like yours, and we're confident that our services can help you achieve your goals. As a special offer, we're providing a 10% discount on our services for new clients.

If you're interested in learning more about how we can help SellLocked.com thrive, I'd be happy to schedule a call to discuss further.

Best regards,
Muhib Al Muntakim
Ray Advertising Limited"
electronics_technology,Bloom Audio,bloomaudio.com,59 N Lakeview Dr · 08026 Gibbsboro · United States,hello@bloomaudio.com,Yes,"Dear Bloom Audio Team,

I hope this email finds you well. As a representative of Ray Advertising Limited, I'm excited to introduce our performance marketing solutions, tailored to support businesses in the electronics and technology category. With our expertise, we can help Bloom Audio boost growth and reach new heights.

Our data-driven approach and innovative strategies can enhance your online presence, drive conversions, and increase revenue. As a new client, we're offering a special 10% discount on our services to help you get started.

If you're interested in learning more, I'd be happy to schedule a call to discuss how our solutions can benefit Bloom Audio.

Best regards,
Muhib Al Muntakim
Ray Advertising Limited"
electronics_technology,ScalaHosting,www.scalahosting.com,1999 Bryan St #900 · 75201 Dallas · United States,affiliate@scalahosting.com,Yes,"Dear ScalaHosting Team,

I'm Muhib Al Muntakim from Ray Advertising Limited, a seasoned performance marketing expert with extensive experience in the electronics and technology sector. We've helped numerous businesses like yours thrive, and I'm excited to introduce our tailored solutions to boost ScalaHosting's growth.

Our performance marketing services can help you reach new heights by driving more traffic, generating leads, and increasing conversions. As a new client, we're offering a special 10% discount on our services to get you started.

If you're interested in learning more, I'd be happy to schedule a call to discuss how our solutions can benefit ScalaHosting.

Best regards,
Muhib Al Muntakim
Ray Advertising Limited"
electronics_technology,USB Memory Direct,www.usbmemorydirect.com,1940 Harrison Street Suite 101 · 33020 Hollywood · United States,sales@usbmemorydirect.com,Yes,"Dear USB Memory Direct Team,

I hope this email finds you well. As a representative of Ray Advertising Limited, I am reaching out to you from our partner network, with extensive experience in supporting businesses in the electronics and technology category. Our performance marketing solutions can help boost your growth by increasing brand visibility, driving website traffic, and generating leads.

We'd like to offer you a special 10% discount on our services for new clients. Our team is excited about the opportunity to collaborate with you and help take your business to the next level.

Please don't hesitate to contact me to discuss how we can support your business goals.

Best regards,
Muhib Al Muntakim
Ray Advertising Limited"
electronics_technology,GoRoostr,goroostr.com,"700 Veterans Circle, Suite 400 · 18974 Warminster · United States",info@goroostr.com,Yes,"Dear GoRoostr Team,

I hope this email finds you well. As a representative of Ray Advertising Limited, I'm excited to introduce our performance marketing solutions tailored to support businesses in the electronics and technology category. With our expertise, you can expect to see a significant boost in your growth.

Our team has extensive experience in driving results for companies like yours. By partnering with us, you'll gain access to data-driven strategies that can help you reach new heights. As a special offer, we're providing a 10% discount on our services for new clients.

If you're interested in learning more about how we can help GoRoostr thrive, I'd be happy to schedule a call. Please don't hesitate to reach out.

Best regards,
Muhib Al Muntakim
Ray Advertising Limited"
electronics_technology,Jersey Watch,jerseywatch.com,1311 Vine Street · 45202 Cincinnati · United States,help@jerseywatch.com,Yes,"Dear Jersey Watch Team,

I hope this email finds you well. As a representative of Ray Advertising Limited, I'm excited to introduce our performance marketing solutions tailored to the electronics and technology sector. With our expertise, we can help boost your online presence, drive sales, and increase brand awareness for Jersey Watch, located at 1311 Vine Street, Cincinnati.

Our team has extensive experience in supporting businesses like yours, and we're confident that our services can take your growth to the next level. As a special offer, we're providing a 10% discount on our services for new clients. This is a great opportunity to elevate your marketing strategy and reach new heights.

If you're interested in learning more, I'd be happy to schedule a call to discuss how we can support your business goals.

Best regards,
Muhib Al Muntakim
Ray Advertising Limited"
electronics_technology,Big Sky Recycling,bigskyrecycling.com,3860 SE Naef Rd #68025 · 97267 Portland · United States,info@bigskyrecycling.com,No,
electronics_technology,Poecurrency,poecurrency.com,United States,N/A,No,
electronics_technology,SquadLocker,squadlocker.com,240 Bald Hill Road · 02886 Warwick · United States,support@squadlocker.com,No,
electronics_technology,ACityDiscount,www.acitydiscount.com,"6286 Dawson Blvd. · 30093 Norcross, Georgia · United States",support@acitydiscount.com,No,
electronics_technology,StudentDiscounts.com,studentdiscounts.com,1461 W. Center Str. · 84057 Orem · United States,service@studentdiscounts.com,No,
electronics_technology,NameHero®,namehero.com,Kansas City · United States,ryan@namehero.com,No,
electronics_technology,DamnModz,damnmodz.com,United States,N/A,No,
electronics_technology,shop.AVISPL.com,www.projectorpeople.com,"33634 Tampa, Florida · United States",sales@projectorpeople.com,No,
electronics_technology,ASAP Utilities,asap-utilities.com,Molenweg 242 · 8012 WT Zwolle · United States,support@asap-utilities.com,No,
electronics_technology,TadiBrothers,www.tadibrothers.com,United States,N/A,No,
electronics_technology,Tech Center Plus,techcenterplus.com,"244 Madison Avenue, #1136 · 10016 New York · United States",support@techcenterplus.com,No,
electronics_technology,Lawfully,lawfully.com,New York City · United States,help@lawfully.com,No,
electronics_technology,Optimus Tracker,optimustracker.com,United States,sales@optimustracker.com,No,
electronics_technology,Klymen,klymen.com,1225 JEFFERSON RD STE A22 · 146233180 ROCHESTER · United States,info@klymen.com,No,
electronics_technology,Humblefax,humblefax.com,Ridgewood · United States,customercare@humblefax.com,No,
electronics_technology,Marcaria.com,marcaria.com,United States,support@marcaria.com,No,
electronics_technology,DriveSolutions.com,www.drivesolutions.com,6442 Platt Ave #153 · 91307 West Hills · United States,sales@drivesolutions.com,No,
electronics_technology,Online Notary Center,onlinenotarycenter.com,15300 Ventura Blvd. Ste 400 · 91403 Sherman Oaks · United States,info@onlinenotarycenter.com,No,
electronics_technology,LEX Reception,lexreception.com,United States,grow@lexreception.com,No,
electronics_technology,Aperion Audio,aperionaudio.com,"25599 SW 95th Ave, Suite D · 97070 Wilsonville · United States",customerservice@aperionaudio.com,No,
electronics_technology,MotionVFX,www.motionvfx.com,United States,support@motionvfx.com,No,
electronics_technology,Techify Care LLC,techifycare.com,235 WEST ROOSEVELT AVENUE · 31701 ALBANY · United States,N/A,No,
electronics_technology,Encore Data Products,encoredataproducts.com,"1729 Majestic Drive, Suite 5 · 80026 Lafayette · United States",sales@encoredataproducts.com,No,
electronics_technology,EventCreate,eventcreate.com,10100 Venice Blvd. · 90232 Culver City · United States,N/A,No,
electronics_technology,RK ROYAL KLUDGE,rkgamingstore.com,United States,support@rkgaming.com,No,
electronics_technology,KB3D LLC,kb-3d.com,8295 Darrow Rd · 44087 Twinsburg · United States,inquiry@kb-3d.com,No,
electronics_technology,Bottle POS,bottlepos.com,Atlanta · United States,sales@bottlepos.com,No,
electronics_technology,BuyOnTrust,buyontrust.com,Spruce Street 1434 · 80302 Boulder · United States,info@buyontrust.com,No,
electronics_technology,MediaPlace,mediaplace.io,"Maesto LLC, 10620 Treena St #230 · 92131 San Diego · United States",info@mediaplace.io,No,
electronics_technology,Specialty Answering Service,specialtyansweringservice.net,1006 W 9th Ave #150 · 19406 King of Prussia · United States,sales@specialtyansweringservice.net,No,
electronics_technology,SiteGround Deutschland,de.siteground.com,United States,N/A,No,
electronics_technology,Served 123 LLC,served123.com,United States,Info@Served123.com,No,
electronics_technology,Buy Fire Alarm Parts,buyfirealarmparts.com,1716 North Commerce Parkway · 33326 Weston · United States,sales@buyfirealarmparts.com,No,
electronics_technology,MediaXpress,www.mediaxpress.net,United States,info@mediaxpress.net,No,
electronics_technology,GadgetPickup.com,gadgetpickup.com,"640 Brooker Creek Blvd, Ste 405 · 34677 Oldsmar · United States",support@gadgetpickup.com,No,
electronics_technology,PrimeLicense,primelicense.com,"3422 Old Capitol Trail, Suite 404 · 19808 Wilmington · United States",contact@primelicense.com,No,
electronics_technology,Acratech,acratech.net,2502 Supply St · 91767 Pomona · United States,info@acratech.net,No,
electronics_technology,Sell That Cell,sellthatcell.com,3900 Teleport Blvd #141183 · 75014 Irving · United States,contact@sellthatcell.com,No,
electronics_technology,MediaHuman,www.mediahuman.com,"30 N Gould St, Ste R · 82801 Sheridan · United States",support@mediahuman.com,No,
electronics_technology,INIU,iniushop.com,600 1st Avenue South · 98104 Seattle · United States,contact@iniu.shop,No,
electronics_technology,Track My Visa Now,trackmyvisanow.com,United States,support@trackmyvisanow.com,No,
electronics_technology,Superco 皇都電器,superco.com,17523 Colima Road · 91748 City of Industry · United States,sales@superco.com,No,
electronics_technology,Shopwithhustle,shopwithhustle.com,United States,hustle@shopwithhustle.com,No,
electronics_technology,Notary Geek,notarygeek.net,2101 Sunset Point Rd · 33765 Clearwater · United States,Greg@NotaryGeek.net,No,
electronics_technology,"Affordable Indicators, Inc.",affordableindicators.com,"2920 Horizon Park Drive, Suite A · 30024 Suwanee · United States",support@affordableindicators.com,No,
electronics_technology,"Bangert, Inc.",bangertinc.com,"814 E Main Street, #112 · 66030 Gardner · United States",help@bangertinc.com,No,
electronics_technology,MediaServe LLC,mediaserve.com,115 W Franklin ST Ste 104 · 37066 Gallatin · United States,sales@mediaserve.com,No,
electronics_technology,Retire-IT,retire-it.com,1560 Fishinger Road · 43221 Columbus · United States,support@retire-it.com,No,
electronics_technology,Docus,docus.ai,2810 N Church Street · 19802 Wilmington · United States,info@docus.ai,No,
electronics_technology,Firedogssc,firedogssc.com,United States,N/A,No,
electronics_technology,DatoLock,datolock.com,United States,info@datolock.com,No,
electronics_technology,Nebraska Furniture Mart,nfm.com,United States,N/A,No,
electronics_technology,IGGM,iggm.com,United States,support@iggm.com,No,
electronics_technology,Swappa,swappa.com,"6324 N Chatham Ave, #309 · 64151 Kansas City · United States",help@swappa.com,No,
electronics_technology,Crutchfield,www.crutchfield.com,1 Crutchfield Park · 22911 Charlottesville · United States,N/A,No,
electronics_technology,Porkbun,porkbun.com,"21370 SW Langer Farms Parkway, Suite 142-429 · 97140 Sherwood · United States",support@porkbun.com,No,
electronics_technology,LEDSupply,ledsupply.com,296 Beanville Road · 05060 Randolph · United States,sales@ledsupply.com,No,
electronics_technology,"Performance PC's, Inc.",www.performance-pcs.com,1701 ROBERT J CONLAN BLVD NE STE 5 · 32905-3431 PALM BAY · United States,sales@performance-pcs.com,No,
electronics_technology,Mychoicesoftware,mychoicesoftware.com,23706 Birtcher Drive · 92630 Lake Forest · United States,Support@mychoicesoftware.com,No,
electronics_technology,Nextiva,nextiva.com,United States,N/A,No,
electronics_technology,Pawn America,www.pawnamerica.com,181 River Ridge Circle South · 55337 Burnsville · United States,reviews@pawnamerica.com,No,
electronics_technology,World Wide Stereo,worldwidestereo.com,140 Domorah Dr · 18936 Montgomeryville · United States,onlinesales@wwstereo.com,No,
electronics_technology,Newair,newair.com,6600 Katella Ave · 90630 Cypress · United States,Support@newair.com,No,
electronics_technology,Headphones.com,www.headphones.com,Portland · United States,info@headphones.com,No,
electronics_technology,UnlockBoot,unlockboot.com,United States,support@unlockboot.com,No,
electronics_technology,ConquestCapped,conquestcapped.com,United States,sales@conquestcapped.com,No,
electronics_technology,Buzzsprout,buzzsprout.com,"5133 San Jose Blvd. · 32207 Jacksonville, Florida · United States",support@buzzsprout.com,No,
electronics_technology,GEEK STUDIO INC,geekstudio.us,"2250 E DEVON AVE, #235 DES PLAINES · 60018 IL · United States",info@geekstudio.us,No,
electronics_technology,ArmadaBoost | Gaming Marketplace,armadaboost.com,"Vyzantiou 5, Strovolos · 2064 Nicosia · United States",support@armadaboost.com,No,
electronics_technology,Setmore,setmore.com,1033 Southeast Main Street #5 · 97214 Portland · United States,morereviews@setmore.com,No,
electronics_technology,MRI Software,www.mrisoftware.com,28925 Fountain Parkway · 44139 Solon · United States,sales@mrisoftware.com,No,
electronics_technology,DocHub,dochub.com,"17 Station St., Ste. 3 · 02445 Brookline · United States",support@dochub.com,No,
electronics_technology,Recycled Software,recycled-software.com,"19266 Coastal Hwy #4-1097 · 19971 Rehoboth Beach, Delaware · United States",support@recycled-software.com,No,
electronics_technology,TrickyPhotoshop,tricky-photoshop.com,United States,hello@tricky-photoshop.com,No,
electronics_technology,Total WebShield,totalwebshield.com,United States,N/A,No,
electronics_technology,DiJiFi,dijifi.com,Manhattan Avenue 1166 · 11222 Brooklyn · United States,info@dijifi.com,No,
electronics_technology,Redragonshop,www.redragonshop.com,United States,support@redragonshop.com,No,
electronics_technology,Starry,starry.com,180 Maiden Lane #1003 · 10038 New York · United States,N/A,No,
electronics_technology,SMTP2GO,www.smtp2go.com,1710 Keller Parkway #2093 · 76248 Keller · United States,ticket@smtp2go.com,No,
electronics_technology,Aragon AI,www.aragon.ai,1929 Market St · 94103 San Francisco · United States,support@aragon.ai,No,
electronics_technology,MusicStoreLive,musicstorelive.com,300 W 28th St Ste 102 · 91950 National City · United States,info@musicstorelive.com,No,
electronics_technology,Seedtime,seedtime.us,United States,N/A,No,
electronics_technology,Pitbull Audio,www.pitbullaudio.com,300 W 28th St #101 · 91950 National City · United States,sales@pitbullaudio.com,No,
electronics_technology,WordPress Hosting and 24/7 Support WP FIX IT,wpfixit.com,120 Vantis · 92656 Aliso Viejo · United States,support@wpfixit.com,No,
electronics_technology,AnswerConnect,answerconnect.com,"AnswerConnect, 1033 SE Main St. · 97214 Portland · United States",clientservices@answerconnect.com,No,
electronics_technology,Akool Inc,akool.com,471 Emerson St. · 94301 Palo Alto · United States,info@akool.com,No,
electronics_technology,Theunitysoft,theunitysoft.com,Oakland Park · United States,N/A,No,
electronics_technology,HostArmada,hostarmada.com,"501 Silverside Road, PMB #363 · 19809 Wilmington · United States",company@hostarmada.com,No,
electronics_technology,BetterSafeRadio.com,bettersaferadio.com,5318 E 2ND ST # 352 · 90803 Long Beach · United States,Sales@BetterSafeRadio.com,No,
electronics_technology,Aloha Cloud by NCR Voyix,ncr.com/restaurants/aloha-pos,864 Spring St NW · 30308 Atlanta · United States,restaurants.referral@ncrvoyix.com,No,
electronics_technology,Libsyn Podcast Hosting,libsyn.com,"2403 Sidney St, Suite 210 · 15203 Pittsburgh · United States",support@libsyn.com,No,
electronics_technology,Text-Em-All,text-em-all.com,3803 Parkwood Blvd Suite 900 · 75036 Frisco · United States,support@text-em-all.com,No,
electronics_technology,AirDNA,www.airdna.co,1507 Blake St · 80202 Denver · United States,hello@airdna.co,No,
